{
  "cpu_percent": {
    "last": 68.3,
    "mean": 24.6609649122807,
    "peak": 104.1
  },
  "duration_seconds": 229.958,
  "finished_epoch_ms": 1782404140601,
  "label": "qwen3_mlx_http_long_benchmark",
  "pid": 42104,
  "rss_mb": {
    "last": 2034.671875,
    "mean": 1455.1574150219299,
    "peak": 2034.671875
  },
  "sample_count": 228,
  "schema_version": "1.0",
  "started_epoch_ms": 1782403910643,
  "stop_reason": "signal_15"
}
